{
    "pyh": {
        "ft": {
            "name": "Mili_pyh.ft",
            "version": "6"
        },
        "fw": {
            "name": "Mili_pyh.fw",
            "version": "V1.3.2.00"
        },
        "gps": {
            "name": "Mili_18344.gps",
            "version": "18344,eb2f43f,126"
        },
        "res": {
            "name": "Mili_pyh.res",
            "version": "14"
        },
        "res_base": {
            "name": "Mili_pyh_base.res",
            "version": "13"
        }
    }
}
